{
  "Compatibility": "Compatible",
  "Contributors": {
    "Developer": [ "Cooldoom5" ],
    "Manual graphics": [ "GhostSalt" ]
  },
  "DefuserDifficulty": "Easy",
  "Description": "Use pairs of button presses to learn information about a hidden module. Tags: 4-button, family-feud, rose, jade, violet, orange",
  "ExpertDifficulty": "Hard",
  "ModuleID": "surveySays",
  "Name": "Survey Says",
  "Origin": "Mods",
  "Published": "2023-08-10",
  "SortKey": "SURVEYSAYS",
  "SourceUrl": "https://github.com/Cooldoom5/SurveySays",
  "SteamID": "3018040815",
  "Symbol": "Srv",
  "Type": "Regular"
}